Workbook

Sheet Test Summary Report
A1: Test Summary Report
A2: 1. Project Information
A3: Project Name | B3: Rahal Tour - Travel Booking Application (TravelApp)
A4: Tester | B4: Mohab Elhosseny
A5: Testing Tool | B5: Jira with Zephyr (Test Case Management & Execution)
A6: Application Areas Covered | B6: Registration (Sign Up), Login & Authentication, Home Screen Navigation, Settings/Profile, Logout
A8: 2. Testing Types Performed
A9: - Functional Testing (core user flows: registration, login, navigation, logout) - Negative Testing (invalid inputs, empty fields, boundary values) - Boundary Value Testing (character limits, numeric ranges, minimum/maximum lengths) - Equivalence Partitioning (valid/invalid input classes, e.g. Age, Password length, Phone Number) - Basic Security Testing - UI / Navigation Testing (screen transitions, icon and link behavior)
A11: Test Execution Summary
A12: Metric | B12: Count
A13: Total Test Cases | B13: 101
A14: Passed | B14: 92
A15: Failed | B15: 9
A16: Pass Rate | B16: 91.1%
A17: fail Rate | B17: 0.0891
A20: Defect Summary
A21: Total Bugs | B21: 9
A22: Bugs Fixed | B22: 9
A23: Bugs Still Open | B23: 0

Sheet Test Execution Results
A1: TQ ID | B1: Title | C1: Status
A2: TQ-1 | B2: Verify successful registration with all fields filled with valid data. | C2: =IF(COUNTIF('Bug Reports'!$B$2:$B$10,A2)>0,"Fail","Pass") -> Pass
A3: TQ-2 | B3: Verify that First and Last name fields accept both Arabic and English characters. | C3: =IF(COUNTIF('Bug Reports'!$B$2:$B$10,A3)>0,"Fail","Pass") -> Pass
A4: TQ-3 | B4: Verify that First and Last name accept minimum valid character length. | C4: =IF(COUNTIF('Bug Reports'!$B$2:$B$10,A4)>0,"Fail","Pass") -> Pass
A5: TQ-4 | B5: Verify Gender selection functionality for both "Male" and "Female" options. | C5: =IF(COUNTIF('Bug Reports'!$B$2:$B$10,A5)>0,"Fail","Pass") -> Pass
A6: TQ-5 | B6: Verify Email field accepts standard formats (e.g., user@example.com). | C6: =IF(COUNTIF('Bug Reports'!$B$2:$B$10,A6)>0,"Fail","Pass") -> Pass
A7: TQ-6 | B7: Verify Password validation: All 5 indicators turn green when a strong password is entered. | C7: =IF(COUNTIF('Bug Reports'!$B$2:$B$10,A7)>0,"Fail","Pass") -> Pass
A8: TQ-7 | B8: Verify Password Visibility: Toggle 'Eye' icon to show and hide the password text. | C8: =IF(COUNTIF('Bug Reports'!$B$2:$B$10,A8)>0,"Fail","Pass") -> Pass
A9: TQ-8 | B9: Verify Phone Number accepts input with a valid country code (e.g., +20). | C9: =IF(COUNTIF('Bug Reports'!$B$2:$B$10,A9)>0,"Fail","Pass") -> Fail
A10: TQ-9 | B10: Verify 'Sign Up' button is clickable when all mandatory data is valid. | C10: =IF(COUNTIF('Bug Reports'!$B$2:$B$10,A10)>0,"Fail","Pass") -> Pass
A11: TQ-10 | B11: Verify 'Sign In' link redirects the user correctly to the Login page. | C11: =IF(COUNTIF('Bug Reports'!$B$2:$B$10,A11)>0,"Fail","Pass") -> Pass
A12: TQ-11 | B12: Verify error message when First & Last Name is empty | C12: =IF(COUNTIF('Bug Reports'!$B$2:$B$10,A12)>0,"Fail","Pass") -> Pass
A13: TQ-12 | B13: Verify that First and Last Name fields reject input exceeding maximum character length (50 characters) | C13: =IF(COUNTIF('Bug Reports'!$B$2:$B$10,A13)>0,"Fail","Pass") -> Fail
... A102: TQ-101 | B102: Verify that confirming Log out navigates the user to the login screen | C102: =IF(COUNTIF('Bug Reports'!$B$2:$B$10,A102)>0,"Fail","Pass") -> Pass

Sheet Bug Reports
A1: Bug ID | B1: Related TC ID | C1: Summary | D1: Steps to Reproduce | E1: Expected Result | F1: Actual Result | G1: Severity | H1: Priority | I1: Environment | J1: Status | K1: Evidence / Screenshot
A2: BUG-1 | B2: TQ-8 | C2: Sign up -> phone number field doesn't accept valid country code | D2: Go to Sign Up page Enter a valid phone number with country code in Phone Number field Test Data: +201212442237 Fill rest of fields with valid data Click Sign Up | E2: Phone Number field accepts input with country code | F2: Phone Number field does not accept the + symbol | G2: Medium | H2: Medium | I2: Web - Chrome | J2: Closed | K2: Evidence/bug-TQ8.png
A3: BUG-2 | B3: TQ-12 | C3: Sign up -> First Name and Last Name fields accept input exceeding 50 characters | D3: 1-Go to Sign up page 2-Enter more than 50 characters in the First name field 3-Enter more than 50 characters in the Last name field 4-Fill other fields with valid data 5-Click Sign up | E3: Error message is displayed, First/Last Name must not exceed 50 characters. Form is not submitted. | F3: Field accepted more than 50 characters with no errors | G3: Medium | H3: Medium | I3: Web - Chrome | J3: Closed | K3: Evidence/bug-TQ12.png
A4: BUG-3 | B4: TQ-16 | C4: Sign up -> Age field accepts values more than 80 | D4: Go to Sign Up page Enter a value greater than 80 in the Age field Test Data: 81 Fill rest of fields with valid data Click Sign Up | E4: Error message is displayed, Age must not exceed 80. Form is not submitted. | F4: Age field accepted the value 81 with no error. Form was submitted successfully. | G4: Medium | H4: Medium | I4: Web - Chrome | J4: Closed | K4: Evidence/bug-TQ16.png
A5: BUG-4 | B5: TQ-43 | C5: Sign up -> phone number field accepts all zeros | D5: Go to Sign Up page Enter 00000000000000 in the Phone Number field Fill rest of fields with valid data Click Sign Up | E5: Error message is displayed, Enter a valid phone number. Form is not submitted. | F5: Phone Number field accepted 00000000000000 with no error. Form was submitted successfully. | G5: Medium | H5: Medium | I5: Web - Chrome | J5: Closed | K5: Evidence/bug-TQ43.png
A6: BUG-5 | B6: TQ-46 | C6: Sign up -> Age field accepts leading zero input | D6: Go to Sign Up page Enter 0022 in the Age field Fill rest of fields with valid data Click Sign Up | E6: Error message is displayed. Form is not submitted. | F6: Age field accepted 0022 with no error. Form was submitted successfully. | G6: Medium | H6: Medium | I6: Web - Chrome | J6: Closed | K6: Evidence/bug-TQ46.png
A7: BUG-6 | B7: TQ-47 | C7: Sign up -> First name and Last name field accept single character input | D7: Go to Sign Up page Enter M in the First Name field Enter A in the Last Name field Fill rest of fields with valid data Click Sign Up | E7: Error message is displayed under First Name and Last Name fields | F7: First Name and Last Name fields accepted single character input with no error. Form was submitted successfully. | G7: Medium | H7: Medium | I7: Web - Chrome | J7: Closed | K7: Evidence/bug-TQ47.png
A8: BUG-7 | B8: TQ-56 | C8: Login -> forgot password -> Reset password link redirects to an empty screen | D8: Go to the login page Click on forgot password Enter a registered email Open Gmail and click on the link | E8: A reset password page is displayed | F8: An empty screen is displayed | G8: High | H8: Medium | I8: Web - Chrome | J8: Closed | K8: Evidence/bug-TQ56.png
A9: BUG-8 | B9: TQ-61 | C9: User is required to login every time the app is reopened | D9: Go to the Login page Login with valid credentials Navigate to home page close the app reopen the app | E9: User remains logged in and is redirected to home page directly. | F9: User is redirected to Login page and required to login again. | G9: Medium | H9: Medium | I9: Web - Chrome | J9: Closed | K9: N/A
A10: BUG-9 | B10: TQ-69 | C10: No error message shown when logging in with old password after reset | D10: Go to Login screen Tap "Forgot Password" Enter a registered Email Open email and tap the reset link Enter a new password Go back to login screen Enter the old password and tap login | E10: Error message appears: 'Incorrect password' | F10: No error message is displayed, | G10: High | H10: Medium | I10: Web - Chrome | J10: Closed | K10: Evidence/bug-TQ69.png

Sheet Detailed Test Cases
A1: TQ ID | B1: Title | C1: Preconditions | D1: Steps | E1: Test Data | F1: Expected Result | G1: Actual Result | H1: Status
A2: TQ-1 | B2: Verify successful registration with all fields filled with valid data. | C2: User is on the Registration page and has a stable internet connection | D2: 1. Navigate to Sign Up page 2. Enter valid First Name 3. Enter valid Last Name 4. Enter valid Age 5. Select Gender 6. Enter valid Email 7. Enter strong Password 8. Enter valid Phone Number 9. Enter valid National ID 10. Click 'Sign Up' button | E2: First Name: Mohab | Last Name: Ali | Age: 20 | Gender: Male | Email: test@gmail.com | Password: Test@@@11 | Phone: 01212246654 | National ID: 30455545789123 | F2: User is successfully registered Redirected to Home screen | G2: User is successfully registered Redirected to Home screen | H2: Pass
A3: TQ-6 | B3: Verify Password validation: All 5 indicators turn green when a strong password is entered. | C3: User is on the Sign Up page, Password field is visible | D3: 1. Navigate to Sign Up page 2. Enter a password meeting all 5 criteria (uppercase, lowercase, number, special character, min length) | E3: Password: Test@@@11 | F3: All 5 password strength indicators turn green. | G3: All 5 indicators turned green as expected. | H3: Pass
A4: TQ-8 | B4: Verify Phone Number accepts input with a valid country code (e.g., +20). | C4: User is on the Sign Up page | D4: Go to Sign Up page Enter a valid phone number with country code in Phone Number field Test Data: +201212442237 Fill rest of fields with valid data Click Sign Up | E4: Phone Number: +201212442237 | F4: Phone Number field accepts input with country code. | G4: Phone Number field does not accept the + symbol. | H4: Fail
A5: TQ-12 | B5: Verify that First and Last Name fields reject input exceeding maximum character length (50 characters) | C5: User is on the Registration page and has a stable internet connection | D5: 1. Navigate to Sign Up page 2. Enter a First Name longer than 50 characters 3. Enter a Last Name longer than 50 characters 4. Fill remaining fields with valid data 5. Click 'Sign Up' button | E5: First Name / Last Name: 55+ character string | F5: System rejects input over 50 characters and displays a validation error. Form is not submitted. | G5: Field accepted input longer than 50 characters with no error. Form was submitted successfully. | H5: Fail
A6: TQ-16 | B6: Verify error message when user age is more than 80 | C6: User is on the Registration page and has a stable internet connection | D6: 1. Navigate to Sign Up page 2. Enter a value greater than 80 in the Age field 3. Fill remaining fields with valid data 4. Click 'Sign Up' button | E6: Age:81 | F6: System displays an error message stating age must not exceed 80. Form is not submitted. | G6: Age field accepted the value 81 with no error. Form was submitted successfully. | H6: Fail
A7: TQ-22 | B7: Verify error message when Email does not contain @ | C7: User is on the Sign Up page | D7: 1. Navigate to Sign Up page 2. Enter an email address without the '@' symbol 3. Fill remaining fields with valid data 4. Click 'Sign Up' button | E7: Email: testgmail.com | F7: System displays a validation error stating the email format is invalid. Form is not submitted. | G7: System displayed a validation error and blocked submission as expected. | H7: Pass
A8: TQ-30 | B8: Verify error when password is less than 8 characters | C8: User is on the Sign Up page | D8: 1. Navigate to Sign Up page 2. Enter a password with fewer than 8 characters 3. Fill remaining fields with valid data 4. Click 'Sign Up' button | E8: Password: Test@1 | F8: System displays a validation error stating the password must be at least 8 characters. Form is not submitted. | G8: System displayed a validation error and blocked submission as expected. | H8: Pass
A9: TQ-41 | B9: verify error when phone number is less than 7 digits | C9: User is on the Sign Up page | D9: 1. Navigate to Sign Up page 2. Enter a phone number with fewer than 7 digits 3. Fill remaining fields with valid data 4. Click 'Sign Up' button | E9: Phone Number: 12345 | F9: System displays a validation error stating the phone number is too short. Form is not submitted. | G9: System displayed a validation error and blocked submission as expected. | H9: Pass
A10: TQ-43 | B10: Verify error when phone number contains only zeros | C10: User is on the Sign Up page | D10: 1. Go to Sign Up page 2. Enter 00000000000000 in the Phone Number field 3. Fill rest of fields with valid data 4. Click Sign Up | E10: Phone Number: 00000000000000 | F10: Error message is displayed - Enter a valid phone number. Form is not submitted. | G10: Phone Number field accepted 00000000000000 with no error. Form was submitted successfully. | H10: Fail
A11: TQ-46 | B11: Verify Age field validation for invalid inputs (leading zero) | C11: User is on the Sign Up page | D11: 1. Go to Sign Up page 2. Enter 0022 in the Age field 3. Fill rest of fields with valid data 4. Click Sign Up | E11: Age: 0022 | F11: Error message is displayed. Form is not submitted. | G11: Age field accepted 0022 with no error. Form was submitted successfully. | H11: Fail
A12: TQ-47 | B12: Verify that First and Last name reject single character input | C12: User is on the Sign Up page | D12: 1. Go to Sign Up page 2. Enter M in the First Name field 3. Enter A in the Last Name field 4. Fill rest of fields with valid data 5. Click Sign Up | E12: First Name: M | Last Name: A | F12: Error message is displayed under First Name and Last Name fields. | G12: First Name and Last Name fields accepted single character input with no error. Form was submitted successfully. | H12: Fail
... A26: TQ-101 | B26: Verify that confirming Log out navigates the user to the login screen | C26: User is logged in | D26: 1. Tap the 'M' icon 2. Tap 'Log Out' 3. Confirm the logout action | E26: N/A | F26: User is logged out and redirected to the Login screen. | G26: User was logged out and redirected to the Login screen correctly. | H26: Pass
